{
  "input_csv": "scripts/out/c9_2_M14_N100000.csv",
  "observable_policy": {
    "option": "Option 1",
    "event_A": "n odd",
    "event_B": "T(n) < n, with T(n)=(3n+1)/2^{v2(3n+1)} on odd n",
    "undefined_residue_policy": "Policy A: undefined hat_p treated as not present; g[a]=0 for undefined residues"
  },
  "M": 14,
  "N": 100000,
  "q": 16384,
  "n_defined_hat_p": 8192,
  "mean_hat_p": 0.49999060997596156,
  "l2_variance_empirical": 0.24999133219729494,
  "sparse_threshold": 0.05,
  "sparse_fraction_hatp": 1.0,
  "sparse_bad": 8192,
  "sparse_total": 8192,
  "per_v2_bucket": {
    "0": {
      "count": 8192,
      "max_absF": 4.695012019232364e-06,
      "rms_absF": 4.695012019231565e-06,
      "rms_ratio": null
    },
    "1": {
      "count": 4096,
      "max_absF": 4.695012019232364e-06,
      "rms_absF": 4.695012019231565e-06,
      "rms_ratio": 1.0
    },
    "2": {
      "count": 2048,
      "max_absF": 4.695012019232364e-06,
      "rms_absF": 4.695012019231565e-06,
      "rms_ratio": 1.0
    },
    "3": {
      "count": 1024,
      "max_absF": 4.6950120192323475e-06,
      "rms_absF": 4.695012019231551e-06,
      "rms_ratio": 0.9999999999999971
    },
    "4": {
      "count": 512,
      "max_absF": 4.695012019232348e-06,
      "rms_absF": 4.695012019231551e-06,
      "rms_ratio": 0.9999999999999971
    },
    "5": {
      "count": 256,
      "max_absF": 4.695012019232344e-06,
      "rms_absF": 4.695012019231551e-06,
      "rms_ratio": 0.9999999999999971
    },
    "6": {
      "count": 128,
      "max_absF": 4.6950120192323365e-06,
      "rms_absF": 4.695012019231551e-06,
      "rms_ratio": 0.9999999999999971
    },
    "7": {
      "count": 64,
      "max_absF": 4.695012019232542e-06,
      "rms_absF": 4.695012019231768e-06,
      "rms_ratio": 1.0000000000000433
    },
    "8": {
      "count": 32,
      "max_absF": 4.695012019232519e-06,
      "rms_absF": 4.695012019231768e-06,
      "rms_ratio": 1.0000000000000433
    },
    "9": {
      "count": 16,
      "max_absF": 4.695012019233338e-06,
      "rms_absF": 4.695012019232636e-06,
      "rms_ratio": 1.0000000000002283
    },
    "10": {
      "count": 8,
      "max_absF": 4.695012019233238e-06,
      "rms_absF": 4.695012019232636e-06,
      "rms_ratio": 1.0000000000002283
    },
    "11": {
      "count": 4,
      "max_absF": 4.695012019233041e-06,
      "rms_absF": 4.695012019232636e-06,
      "rms_ratio": 1.0000000000002283
    },
    "12": {
      "count": 2,
      "max_absF": 0.24999530498802286,
      "rms_absF": 0.24999530498802286,
      "rms_ratio": 53246.99999999994
    },
    "13": {
      "count": 1,
      "max_absF": 1.3877787807814457e-17,
      "rms_absF": 1.3877787807814457e-17,
      "rms_ratio": 2.955857780761516e-12
    }
  },
  "avg_rms_ratio": 4096.769230769227,
  "top_modes": [
    {
      "xi": 4096,
      "v2_xi": 12,
      "absF": 0.24999530498802286,
      "reF": 3.979489337703407e-16,
      "imF": -0.24999530498802286
    },
    {
      "xi": 12288,
      "v2_xi": 12,
      "absF": 0.24999530498802286,
      "reF": -3.979489337703407e-16,
      "imF": 0.24999530498802286
    },
    {
      "xi": 7680,
      "v2_xi": 9,
      "absF": 4.695012019233338e-06,
      "reF": 4.604798679780303e-06,
      "imF": 9.1595140670184e-07
    },
    {
      "xi": 15872,
      "v2_xi": 9,
      "absF": 4.695012019233338e-06,
      "reF": -4.604798679780303e-06,
      "imF": -9.1595140670184e-07
    },
    {
      "xi": 7168,
      "v2_xi": 10,
      "absF": 4.695012019233238e-06,
      "reF": 4.337625509464071e-06,
      "imF": 1.7967033145155399e-06
    },
    {
      "xi": 15360,
      "v2_xi": 10,
      "absF": 4.695012019233238e-06,
      "reF": -4.337625509464071e-06,
      "imF": -1.7967033145155399e-06
    },
    {
      "xi": 6656,
      "v2_xi": 9,
      "absF": 4.695012019233137e-06,
      "reF": 3.903759823387557e-06,
      "imF": 2.6084089215552017e-06
    },
    {
      "xi": 14848,
      "v2_xi": 9,
      "absF": 4.695012019233137e-06,
      "reF": -3.903759823387557e-06,
      "imF": -2.6084089215552017e-06
    },
    {
      "xi": 6144,
      "v2_xi": 11,
      "absF": 4.695012019233041e-06,
      "reF": 3.3198748365520134e-06,
      "imF": 3.3198748365520435e-06
    },
    {
      "xi": 14336,
      "v2_xi": 11,
      "absF": 4.695012019233041e-06,
      "reF": -3.3198748365520134e-06,
      "imF": -3.3198748365520435e-06
    },
    {
      "xi": 5632,
      "v2_xi": 9,
      "absF": 4.69501201923294e-06,
      "reF": 2.6084089215550628e-06,
      "imF": 3.903759823387412e-06
    },
    {
      "xi": 13824,
      "v2_xi": 9,
      "absF": 4.69501201923294e-06,
      "reF": -2.6084089215550628e-06,
      "imF": -3.903759823387412e-06
    },
    {
      "xi": 5120,
      "v2_xi": 10,
      "absF": 4.695012019232833e-06,
      "reF": 1.7967033145153614e-06,
      "imF": 4.337625509463706e-06
    },
    {
      "xi": 13312,
      "v2_xi": 10,
      "absF": 4.695012019232833e-06,
      "reF": -1.7967033145153614e-06,
      "imF": -4.337625509463706e-06
    },
    {
      "xi": 4608,
      "v2_xi": 9,
      "absF": 4.695012019232731e-06,
      "reF": 9.159514067016978e-07,
      "imF": 4.604798679779713e-06
    },
    {
      "xi": 12800,
      "v2_xi": 9,
      "absF": 4.695012019232731e-06,
      "reF": -9.159514067016978e-07,
      "imF": -4.604798679779713e-06
    },
    {
      "xi": 8064,
      "v2_xi": 7,
      "absF": 4.695012019232542e-06,
      "reF": 4.689356671638134e-06,
      "imF": 2.3037332072303052e-07
    },
    {
      "xi": 16256,
      "v2_xi": 7,
      "absF": 4.695012019232542e-06,
      "reF": -4.689356671638134e-06,
      "imF": -2.3037332072303052e-07
    },
    {
      "xi": 3584,
      "v2_xi": 9,
      "absF": 4.695012019232535e-06,
      "reF": -9.159514067016754e-07,
      "imF": 4.604798679779517e-06
    },
    {
      "xi": 11776,
      "v2_xi": 9,
      "absF": 4.695012019232535e-06,
      "reF": 9.159514067016754e-07,
      "imF": -4.604798679779517e-06
    },
    {
      "xi": 7936,
      "v2_xi": 8,
      "absF": 4.695012019232519e-06,
      "reF": 4.672404253082592e-06,
      "imF": 4.6019165193810244e-07
    },
    {
      "xi": 16128,
      "v2_xi": 8,
      "absF": 4.695012019232519e-06,
      "reF": -4.672404253082592e-06,
      "imF": -4.6019165193810244e-07
    },
    {
      "xi": 7808,
      "v2_xi": 7,
      "absF": 4.6950120192324974e-06,
      "reF": 4.644195603427098e-06,
      "imF": 6.889013411556252e-07
    },
    {
      "xi": 16000,
      "v2_xi": 7,
      "absF": 4.6950120192324974e-06,
      "reF": -4.644195603427098e-06,
      "imF": -6.889013411556252e-07
    },
    {
      "xi": 7552,
      "v2_xi": 7,
      "absF": 4.695012019232447e-06,
      "reF": 4.554308392779493e-06,
      "imF": 1.140794865081101e-06
    },
    {
      "xi": 15744,
      "v2_xi": 7,
      "absF": 4.695012019232447e-06,
      "reF": -4.554308392779493e-06,
      "imF": -1.140794865081101e-06
    },
    {
      "xi": 3072,
      "v2_xi": 10,
      "absF": 4.695012019232436e-06,
      "reF": -1.7967033145152273e-06,
      "imF": 4.337625509463332e-06
    },
    {
      "xi": 11264,
      "v2_xi": 10,
      "absF": 4.695012019232436e-06,
      "reF": 1.7967033145152273e-06,
      "imF": -4.337625509463332e-06
    },
    {
      "xi": 7424,
      "v2_xi": 8,
      "absF": 4.695012019232417e-06,
      "reF": 4.49284637795102e-06,
      "imF": 1.362890048708721e-06
    },
    {
      "xi": 15616,
      "v2_xi": 8,
      "absF": 4.695012019232417e-06,
      "reF": -4.49284637795102e-06,
      "imF": -1.362890048708721e-06
    },
    {
      "xi": 7296,
      "v2_xi": 7,
      "absF": 4.695012019232394e-06,
      "reF": 4.420560702671206e-06,
      "imF": 1.5817019108339272e-06
    },
    {
      "xi": 15488,
      "v2_xi": 7,
      "absF": 4.695012019232394e-06,
      "reF": -4.420560702671206e-06,
      "imF": -1.5817019108339272e-06
    },
    {
      "xi": 8188,
      "v2_xi": 2,
      "absF": 4.695012019232364e-06,