{
  "input_csv": "scripts/out/c9_2_M16_N100000.csv",
  "observable_policy": {
    "option": "Option 1",
    "event_A": "n odd",
    "event_B": "T(n) < n, with T(n)=(3n+1)/2^{v2(3n+1)} on odd n",
    "undefined_residue_policy": "Policy A: undefined hat_p treated as not present; g[a]=0 for undefined residues"
  },
  "M": 16,
  "N": 100000,
  "q": 65536,
  "n_defined_hat_p": 32768,
  "mean_hat_p": 0.49999237060546875,
  "l2_variance_empirical": 0.2499942778958939,
  "sparse_threshold": 0.05,
  "sparse_fraction_hatp": 1.0,
  "sparse_bad": 32768,
  "sparse_total": 32768,
  "per_v2_bucket": {
    "0": {
      "count": 32768,
      "max_absF": 3.814697265627602e-06,
      "rms_absF": 3.814697265626301e-06,
      "rms_ratio": null
    },
    "1": {
      "count": 16384,
      "max_absF": 3.814697265627602e-06,
      "rms_absF": 3.814697265626301e-06,
      "rms_ratio": 1.0
    },
    "2": {
      "count": 8192,
      "max_absF": 3.814697265627601e-06,
      "rms_absF": 3.814697265626301e-06,
      "rms_ratio": 1.0
    },
    "3": {
      "count": 4096,
      "max_absF": 3.814697265627601e-06,
      "rms_absF": 3.814697265626301e-06,
      "rms_ratio": 1.0
    },
    "4": {
      "count": 2048,
      "max_absF": 3.8146972656276e-06,
      "rms_absF": 3.814697265626301e-06,
      "rms_ratio": 1.0
    },
    "5": {
      "count": 1024,
      "max_absF": 3.814697265627598e-06,
      "rms_absF": 3.814697265626301e-06,
      "rms_ratio": 1.0
    },
    "6": {
      "count": 512,
      "max_absF": 3.814697265627596e-06,
      "rms_absF": 3.814697265626301e-06,
      "rms_ratio": 1.0
    },
    "7": {
      "count": 256,
      "max_absF": 3.814697265627591e-06,
      "rms_absF": 3.814697265626301e-06,
      "rms_ratio": 1.0
    },
    "8": {
      "count": 128,
      "max_absF": 3.814697265627581e-06,
      "rms_absF": 3.814697265626301e-06,
      "rms_ratio": 1.0
    },
    "9": {
      "count": 64,
      "max_absF": 3.8146972656275555e-06,
      "rms_absF": 3.814697265626301e-06,
      "rms_ratio": 1.0
    },
    "10": {
      "count": 32,
      "max_absF": 3.814697265627515e-06,
      "rms_absF": 3.814697265626301e-06,
      "rms_ratio": 1.0
    },
    "11": {
      "count": 16,
      "max_absF": 3.814697265627433e-06,
      "rms_absF": 3.8146972656263e-06,
      "rms_ratio": 0.9999999999999998
    },
    "12": {
      "count": 8,
      "max_absF": 3.8146972656272785e-06,
      "rms_absF": 3.8146972656263e-06,
      "rms_ratio": 0.9999999999999998
    },
    "13": {
      "count": 4,
      "max_absF": 3.814697265626958e-06,
      "rms_absF": 3.814697265626312e-06,
      "rms_ratio": 1.0000000000000029
    },
    "14": {
      "count": 2,
      "max_absF": 0.24999618530281914,
      "rms_absF": 0.24999618530281914,
      "rms_ratio": 65534.99999999987
    },
    "15": {
      "count": 1,
      "max_absF": 0.0,
      "rms_absF": 0.0,
      "rms_ratio": 0.0
    }
  },
  "avg_rms_ratio": 4369.866666666658,
  "top_modes": [
    {
      "xi": 16384,
      "v2_xi": 14,
      "absF": 0.24999618530281914,
      "reF": 1.727039945193288e-16,
      "imF": -0.24999618530281914
    },
    {
      "xi": 49152,
      "v2_xi": 14,
      "absF": 0.24999618530281914,
      "reF": -1.727039945193288e-16,
      "imF": 0.24999618530281914
    },
    {
      "xi": 32766,
      "v2_xi": 1,
      "absF": 3.814697265627602e-06,
      "reF": 3.814697195499845e-06,
      "imF": 7.314590351696716e-10
    },
    {
      "xi": 32767,
      "v2_xi": 0,
      "absF": 3.814697265627602e-06,
      "reF": 3.814697248095663e-06,
      "imF": 3.657295192746241e-10
    },
    {
      "xi": 65534,
      "v2_xi": 1,
      "absF": 3.814697265627602e-06,
      "reF": -3.814697195499845e-06,
      "imF": -7.314590351696716e-10
    },
    {
      "xi": 65535,
      "v2_xi": 0,
      "absF": 3.814697265627602e-06,
      "reF": -3.814697248095663e-06,
      "imF": -3.657295192746241e-10
    },
    {
      "xi": 32754,
      "v2_xi": 1,
      "absF": 3.814697265627601e-06,
      "reF": 3.814693829368018e-06,
      "imF": 5.120211740035775e-09
    },
    {
      "xi": 32755,
      "v2_xi": 0,
      "absF": 3.814697265627601e-06,
      "reF": 3.814694302730246e-06,
      "imF": 4.7544825266943375e-09
    },
    {
      "xi": 32757,
      "v2_xi": 0,
      "absF": 3.814697265627601e-06,
      "reF": 3.8146951442631446e-06,
      "imF": 4.023023972266618e-09
    },
    {
      "xi": 32758,
      "v2_xi": 1,
      "absF": 3.814697265627601e-06,
      "reF": 3.8146955124338074e-06,
      "imF": 3.657294637903746e-09
    },
    {
      "xi": 32759,
      "v2_xi": 0,
      "absF": 3.814697265627601e-06,
      "reF": 3.8146958455406075e-06,
      "imF": 3.291565269923807e-09
    },
    {
      "xi": 32760,
      "v2_xi": 3,
      "absF": 3.814697265627601e-06,
      "reF": 3.814696143583542e-06,
      "imF": 2.9258358716885067e-09
    },
    {
      "xi": 32761,
      "v2_xi": 0,
      "absF": 3.814697265627601e-06,
      "reF": 3.8146964065626086e-06,
      "imF": 2.560106446559551e-09
    },
    {
      "xi": 32762,
      "v2_xi": 1,
      "absF": 3.814697265627601e-06,
      "reF": 3.8146966344778045e-06,
      "imF": 2.194376997898646e-09
    },
    {
      "xi": 32763,
      "v2_xi": 0,
      "absF": 3.814697265627601e-06,
      "reF": 3.8146968273291275e-06,
      "imF": 1.8286475290674989e-09
    },
    {
      "xi": 32764,
      "v2_xi": 2,
      "absF": 3.814697265627601e-06,
      "reF": 3.8146969851165764e-06,
      "imF": 1.4629180434278163e-09
    },
    {
      "xi": 32765,
      "v2_xi": 0,
      "absF": 3.814697265627601e-06,
      "reF": 3.814697107840149e-06,
      "imF": 1.0971885443413048e-09
    },
    {
      "xi": 65522,
      "v2_xi": 1,
      "absF": 3.814697265627601e-06,
      "reF": -3.814693829368018e-06,
      "imF": -5.120211740035775e-09
    },
    {
      "xi": 65523,
      "v2_xi": 0,
      "absF": 3.814697265627601e-06,
      "reF": -3.814694302730246e-06,
      "imF": -4.7544825266943375e-09
    },
    {
      "xi": 65525,
      "v2_xi": 0,
      "absF": 3.814697265627601e-06,
      "reF": -3.8146951442631446e-06,
      "imF": -4.023023972266618e-09
    },
    {
      "xi": 65526,
      "v2_xi": 1,
      "absF": 3.814697265627601e-06,
      "reF": -3.8146955124338074e-06,
      "imF": -3.657294637903746e-09
    },
    {
      "xi": 65527,
      "v2_xi": 0,
      "absF": 3.814697265627601e-06,
      "reF": -3.8146958455406075e-06,
      "imF": -3.291565269923807e-09
    },
    {
      "xi": 65528,
      "v2_xi": 3,
      "absF": 3.814697265627601e-06,
      "reF": -3.814696143583542e-06,
      "imF": -2.9258358716885067e-09
    },
    {
      "xi": 65529,
      "v2_xi": 0,
      "absF": 3.814697265627601e-06,
      "reF": -3.8146964065626086e-06,
      "imF": -2.560106446559551e-09
    },
    {
      "xi": 65530,
      "v2_xi": 1,
      "absF": 3.814697265627601e-06,
      "reF": -3.8146966344778045e-06,
      "imF": -2.194376997898646e-09
    },
    {
      "xi": 65531,
      "v2_xi": 0,
      "absF": 3.814697265627601e-06,
      "reF": -3.8146968273291275e-06,
      "imF": -1.8286475290674989e-09
    },
    {
      "xi": 65532,
      "v2_xi": 2,
      "absF": 3.814697265627601e-06,
      "reF": -3.8146969851165764e-06,
      "imF": -1.4629180434278163e-09
    },
    {
      "xi": 65533,
      "v2_xi": 0,
      "absF": 3.814697265627601e-06,
      "reF": -3.814697107840149e-06,
      "imF": -1.0971885443413048e-09
    },
    {
      "xi": 32749,
      "v2_xi": 0,
      "absF": 3.8146972656276e-06,
      "reF": 3.81469093659927e-06,
      "imF": 6.9488570335505794e-09
    },
    {
      "xi": 32750,
      "v2_xi": 1,
      "absF": 3.8146972656276e-06,
      "reF": 3.8146915852806834e-06,
      "imF": 6.583128089145614e-09
    },
    {
      "xi": 32751,
      "v2_xi": 0,
      "absF": 3.8146972656276e-06,
      "reF": 3.8146921988982703e-06,
      "imF": 6.217399084229948e-09
    },
    {
      "xi": 32752,
      "v2_xi": 4,
      "absF": 3.8146972656276e-06,