{
  "input_csv": "scripts/out/c9_2_M12_N100000.csv",
  "observable_policy": {
    "option": "Option 1",
    "event_A": "n odd",
    "event_B": "T(n) < n, with T(n)=(3n+1)/2^{v2(3n+1)} on odd n",
    "undefined_residue_policy": "Policy A: undefined hat_p treated as not present; g[a]=0 for undefined residues"
  },
  "M": 12,
  "N": 100000,
  "q": 4096,
  "n_defined_hat_p": 2048,
  "mean_hat_p": 0.4999900350765306,
  "l2_variance_empirical": 0.24999023834300588,
  "sparse_threshold": 0.05,
  "sparse_fraction_hatp": 1.0,
  "sparse_bad": 2048,
  "sparse_total": 2048,
  "per_v2_bucket": {
    "0": {
      "count": 2048,
      "max_absF": 4.982461734693882e-06,
      "rms_absF": 4.982461734693715e-06,
      "rms_ratio": null
    },
    "1": {
      "count": 1024,
      "max_absF": 4.982461734693883e-06,
      "rms_absF": 4.982461734693715e-06,
      "rms_ratio": 1.0
    },
    "2": {
      "count": 512,
      "max_absF": 4.982461734693881e-06,
      "rms_absF": 4.982461734693715e-06,
      "rms_ratio": 1.0
    },
    "3": {
      "count": 256,
      "max_absF": 4.982461734693827e-06,
      "rms_absF": 4.982461734693661e-06,
      "rms_ratio": 0.9999999999999891
    },
    "4": {
      "count": 128,
      "max_absF": 4.9824617346938255e-06,
      "rms_absF": 4.982461734693661e-06,
      "rms_ratio": 0.9999999999999891
    },
    "5": {
      "count": 64,
      "max_absF": 4.982461734693606e-06,
      "rms_absF": 4.982461734693444e-06,
      "rms_ratio": 0.9999999999999456
    },
    "6": {
      "count": 32,
      "max_absF": 4.9824617346936e-06,
      "rms_absF": 4.982461734693444e-06,
      "rms_ratio": 0.9999999999999456
    },
    "7": {
      "count": 16,
      "max_absF": 4.982461734692723e-06,
      "rms_absF": 4.982461734692577e-06,
      "rms_ratio": 0.9999999999997715
    },
    "8": {
      "count": 8,
      "max_absF": 4.982461734692702e-06,
      "rms_absF": 4.982461734692577e-06,
      "rms_ratio": 0.9999999999997715
    },
    "9": {
      "count": 4,
      "max_absF": 4.98246173469266e-06,
      "rms_absF": 4.982461734692577e-06,
      "rms_ratio": 0.9999999999997715
    },
    "10": {
      "count": 2,
      "max_absF": 0.24999501753825695,
      "rms_absF": 0.24999501753825695,
      "rms_ratio": 50174.999999999956
    },
    "11": {
      "count": 1,
      "max_absF": 0.0,
      "rms_absF": 0.0,
      "rms_ratio": 0.0
    }
  },
  "avg_rms_ratio": 4562.181818181814,
  "top_modes": [
    {
      "xi": 1024,
      "v2_xi": 10,
      "absF": 0.24999501753825695,
      "reF": 2.0312122875947894e-16,
      "imF": -0.24999501753825695
    },
    {
      "xi": 3072,
      "v2_xi": 10,
      "absF": 0.24999501753825695,
      "reF": -2.0312122875947894e-16,
      "imF": 0.24999501753825695
    },
    {
      "xi": 2,
      "v2_xi": 1,
      "absF": 4.982461734693883e-06,
      "reF": -4.98243828628018e-06,
      "imF": 1.5285977175173287e-08
    },
    {
      "xi": 2050,
      "v2_xi": 1,
      "absF": 4.982461734693883e-06,
      "reF": 4.98243828628018e-06,
      "imF": -1.5285977175173287e-08
    },
    {
      "xi": 1,
      "v2_xi": 0,
      "absF": 4.982461734693882e-06,
      "reF": -4.982455872587008e-06,
      "imF": 7.642997579942439e-09
    },
    {
      "xi": 3,
      "v2_xi": 0,
      "absF": 4.982461734693882e-06,
      "reF": -4.982408975814779e-06,
      "imF": 2.2928920801023276e-08
    },
    {
      "xi": 5,
      "v2_xi": 0,
      "absF": 4.982461734693882e-06,
      "reF": -4.9823151827117295e-06,
      "imF": 3.8214628206369104e-08
    },
    {
      "xi": 6,
      "v2_xi": 1,
      "absF": 4.982461734693882e-06,
      "reF": -4.982250700294786e-06,
      "imF": 4.585735601711888e-08
    },
    {
      "xi": 7,
      "v2_xi": 0,
      "absF": 4.982461734693882e-06,
      "reF": -4.982174494160678e-06,
      "imF": 5.349997592108031e-08
    },
    {
      "xi": 2049,
      "v2_xi": 0,
      "absF": 4.982461734693882e-06,
      "reF": 4.982455872587008e-06,
      "imF": -7.642997579942439e-09
    },
    {
      "xi": 2051,
      "v2_xi": 0,
      "absF": 4.982461734693882e-06,
      "reF": 4.982408975814779e-06,
      "imF": -2.2928920801023276e-08
    },
    {
      "xi": 2053,
      "v2_xi": 0,
      "absF": 4.982461734693882e-06,
      "reF": 4.9823151827117295e-06,
      "imF": -3.8214628206369104e-08
    },
    {
      "xi": 2054,
      "v2_xi": 1,
      "absF": 4.982461734693882e-06,
      "reF": 4.982250700294786e-06,
      "imF": -4.585735601711888e-08
    },
    {
      "xi": 2055,
      "v2_xi": 0,
      "absF": 4.982461734693882e-06,
      "reF": 4.982174494160678e-06,
      "imF": -5.349997592108031e-08
    },
    {
      "xi": 4,
      "v2_xi": 2,
      "absF": 4.982461734693881e-06,
      "reF": -4.982367941259775e-06,
      "imF": 3.057181047290777e-08
    },
    {
      "xi": 10,
      "v2_xi": 1,
      "absF": 4.982461734693881e-06,
      "reF": -4.981875535386506e-06,
      "imF": 7.642700835552911e-08
    },
    {
      "xi": 11,
      "v2_xi": 0,
      "absF": 4.982461734693881e-06,
      "reF": -4.981752436452809e-06,
      "imF": 8.406901679728222e-08
    },
    {
      "xi": 2052,
      "v2_xi": 2,
      "absF": 4.982461734693881e-06,
      "reF": 4.982367941259775e-06,
      "imF": -3.057181047290777e-08
    },
    {
      "xi": 2058,
      "v2_xi": 1,
      "absF": 4.982461734693881e-06,
      "reF": 4.981875535386506e-06,
      "imF": -7.642700835552911e-08
    },
    {
      "xi": 2059,
      "v2_xi": 0,
      "absF": 4.982461734693881e-06,
      "reF": 4.981752436452809e-06,
      "imF": -8.406901679728222e-08
    },
    {
      "xi": 9,
      "v2_xi": 0,
      "absF": 4.9824617346938805e-06,
      "reF": -4.981986911485837e-06,
      "imF": 6.878482007364279e-08
    },
    {
      "xi": 12,
      "v2_xi": 2,
      "absF": 4.9824617346938805e-06,
      "reF": -4.98161761497441e-06,
      "imF": 9.171082741651804e-08
    },
    {
      "xi": 13,
      "v2_xi": 0,
      "absF": 4.9824617346938805e-06,
      "reF": -4.981471071268559e-06,
      "imF": 9.935242223131804e-08
    },
    {
      "xi": 15,
      "v2_xi": 0,
      "absF": 4.9824617346938805e-06,
      "reF": -4.981142818581405e-06,
      "imF": 1.146348925225177e-07
    },
    {
      "xi": 2057,
      "v2_xi": 0,
      "absF": 4.9824617346938805e-06,
      "reF": 4.981986911485837e-06,
      "imF": -6.878482007364279e-08
    },
    {
      "xi": 2060,
      "v2_xi": 2,
      "absF": 4.9824617346938805e-06,
      "reF": 4.98161761497441e-06,
      "imF": -9.171082741651804e-08
    },
    {
      "xi": 2061,
      "v2_xi": 0,
      "absF": 4.9824617346938805e-06,
      "reF": 4.981471071268559e-06,
      "imF": -9.935242223131804e-08
    },
    {
      "xi": 2063,
      "v2_xi": 0,
      "absF": 4.9824617346938805e-06,
      "reF": 4.981142818581405e-06,
      "imF": -1.146348925225177e-07
    },
    {
      "xi": 14,
      "v2_xi": 1,
      "absF": 4.98246173469388e-06,
      "reF": -4.981312805680085e-06,
      "imF": 1.0699378326027147e-07
    },
    {
      "xi": 17,
      "v2_xi": 0,
      "absF": 4.98246173469388e-06,
      "reF": -4.980767681480985e-06,
      "imF": 1.299162838264505e-07
    },
    {
      "xi": 18,
      "v2_xi": 1,
      "absF": 4.98246173469388e-06,
      "reF": -4.980562532361981e-06,
      "imF": 1.3755652990954719e-07
    },
    {
      "xi": 2062,
      "v2_xi": 1,
      "absF": 4.98246173469388e-06,
      "reF": 4.981312805680085e-06,
      "imF": -1.0699378326027147e-07
    },
    {
      "xi": 2065,
      "v2_xi": 0,
      "absF": 4.98246173469388e-06,
      "reF": 4.980767681480985e-06,
      "imF": -1.299162838264505e-07
    },
    {
      "xi": 2066,
      "v2_xi": 1,
      "absF": 4.98246173469388e-06,
      "reF": 4.980562532361981e-06,
      "imF": -1.3755652990954719e-07
    },
    {
      "xi": 19,
      "v2_xi": 0,
      "absF": 4.982461734693879e-06,
      "reF": -4.980345663498234e-06,
      "imF": 1.451964523088416e-07
    },
    {
      "xi": 20,
      "v2_xi": 2,